22,,,DATE >,,1st,2nd,3rd,4th,5th,6th,7th,8th,9th,10th,11th,12th,13th,14th,15th,16th,17th,18th,19th,20th,21st,22nd,23rd,24th,25th,26th,27th,28th,29th,30th,31st
,,,Josh,,22:59,,18:25,5:24,18:40,17:27,17:16,17:37,,19:11,13:24,17:22,17:28,17:15,17:23,,14:43,14:38,16:09,17:33,12:28,2:18,,13:00,14:25,15:19,17:30,14:16,15:57,,17:21
,GROWTH,,Saad,,7:10,,9:05,10:04,9:49,6:34,7:19,10:18,,1:42,9:23,7:42,7:24,9:52,10:07,,11:15,9:38,7:37,6:31,9:53,10:36,,,8:45,12:20,9:17,2:24,1:08,,8:32
FACEBOOK,0,S,7:29pm (Followers),,,,,,,,,,,,,,,,,,,,,,,,,,,,,,,,
,0,S,7:29pm (Views),,,,,,,,,,,,,,,,,,,,,,,,,,,,,,,,
,0,S,7:29pm (Engagement),,,,,,,,,,,,,,,,,,,,,,,,,,,,,,,,
,0,S,AI Pictures of Men (Followers),,,,,,,,,,,,,,,,,,,,,,,,,,,,,,,,
,0,S,AI Pictures of Men (Views),,,,,,,,,,,,,,,,,,,,,,,,,,,,,,,,
,0,S,AI Pictures of Men (Engagement),,,,,,,,,,,,,,,,,,,,,,,,,,,,,,,,
,0,S,AI Twinks (Followers),,,,,,,,,,,,,,,,,,,,,,,,,,,,,,,,
,0,S,AI Twinks (Views),,,,,,,,,,,,,,,,,,,,,,,,,,,,,,,,
,0,S,AI Twinks (Engagement),,,,,,,,,,,,,,,,,,,,,,,,,,,,,,,,
,0,S,Homossexual Only (Followers),,,,,,,,,,,,,,,,,,,,,,,,,,,,,,,,
,0,S,Homossexual Only (Views),,,,,,,,,,,,,,,,,,,,,,,,,,,,,,,,
,0,S,Homossexual Only (Engagement),,,,,,,,,,,,,,,,,,,,,,,,,,,,,,,,
,0,S,Male Beauty (Followers),,,,,,,,,,,,,,,,,,,,,,,,,,,,,,,,
,0,S,Male Beauty (Views),,,,,,,,,,,,,,,,,,,,,,,,,,,,,,,,
,0,S,Male Beauty (Engagement),,,,,,,,,,,,,,,,,,,,,,,,,,,,,,,,
,0,S,Male Sport (Followers),,,,,,,,,,,,,,,,,,,,,,,,,,,,,,,,
,0,S,Male Sport (Views),,,,,,,,,,,,,,,,,,,,,,,,,,,,,,,,
,0,S,Male Sport (Engagement),,,,,,,,,,,,,,,,,,,,,,,,,,,,,,,,
,0,S,Male Wrestling And Sports (Followers),,,,,,,,,,,,,,,,,,,,,,,,,,,,,,,,
,0,S,Male Wrestling And Sports (Views),,,,,,,,,,,,,,,,,,,,,,,,,,,,,,,,
,0,S,Male Wrestling And Sports (Engagement),,,,,,,,,,,,,,,,,,,,,,,,,,,,,,,,
,0,S,Men In The World (Followers),,,,,,,,,,,,,,,,,,,,,,,,,,,,,,,,
,0,S,Men In The World (Views),,,,,,,,,,,,,,,,,,,,,,,,,,,,,,,,
,0,S,Men In The World (Engagement),,,,,,,,,,,,,,,,,,,,,,,,,,,,,,,,
,0,S,Random Guys (Followers),,,,,,,,,,,,,,,,,,,,,,,,,,,,,,,,
,0,S,Random Guys (Views),,,,,,,,,,,,,,,,,,,,,,,,,,,,,,,,
,0,S,Random Guys (Engagement),,,,,,,,,,,,,,,,,,,,,,,,,,,,,,,,
,0,S,TwinkUniversity (Followers),,,,,,,,,,,,,,,,,,,,,,,,,,,,,,,,
,0,S,TwinkUniversity (Views),,,,,,,,,,,,,,,,,,,,,,,,,,,,,,,,
,0,S,TwinkUniversity (Engagement),,,,,,,,,,,,,,,,,,,,,,,,,,,,,,,,
,0,S,TV Boys (Followers),,,,,,,,,,,,,,,,,,,,,,,,,,,,,,,,
,"1,294",S,Adam (Followers),,"33,946",,"34,075","34,129","34,151","34,201","34,239","34,310",,"34,346","34,409","34,441","34,427","34,404","34,446",,"34,450","34,424","34,474","34,518","34,558","34,594",,,"34,686","34,776","34,982","35,071","35,103",,"35,240"
,"-21,580",,Adam (Engagement),,"100,129",,"95,367","96,135","91,648","92,281","91,885","93,398",,"93,139","93,695","90,197","88,913","88,193","85,855",,"84,276","83,400","79,512","80,699","80,714","80,384",,,"83,752","81,697","83,226","81,847","77,979",,"78,549"
,518,S,Cole (Followers),,"22,952",,"23,009","23,008","23,128","23,146","23,192","23,193",,"23,169","23,205","23,208","23,188","23,170","23,204",,"23,225","23,232","23,231","23,225","23,260","23,302",,,"23,229","23,205","23,214","23,296","23,386",,"23,470"
,"-9,793",,Cole (Engagement),,"76,877",,"74,571","74,727","72,892","73,942","74,244","72,971",,"71,281","72,544","72,102","72,286","68,684","69,630",,"69,645","71,330","72,145","72,521","72,954","73,036",,,"70,744","70,195","65,112","66,145","65,838",,"67,084"
,-217,S,Connor (Followers),,"13,167",,"13,146","13,138","13,127","13,110","13,109","13,100",,"13,087","13,088","13,089","13,073","13,068","13,066",,"13,058","13,048","13,037","13,027","13,021","13,014",,,"12,997","12,991","12,983","12,974","12,950",,"12,950"
,"-1,112",,Connor (Engagement),,"6,268",,"6,107","6,133","6,438","6,510","6,705","6,405",,"6,511","6,478","6,320","5,885","5,663","5,773",,"5,950","5,843","5,677","5,567","5,569","5,635",,,"5,366","5,479","5,337","5,232","5,180",,"5,156"
,-232,S,Leo (Followers),,"25,497",,"25,475","25,483","25,492","25,461","25,430","25,419",,"25,466","25,452","25,432","25,429","25,369","25,350",,"25,321","25,291","25,267","25,277","25,276","25,283",,,"25,220","25,211","25,187","25,168","25,181",,"25,265"
,"-11,034",,Leo (Engagement),,"53,942",,"54,935","56,852","58,281","59,727","60,085","60,785",,"62,900","60,632","56,398","57,653","54,788","55,446",,"52,741","49,473","50,143","49,503","45,411","45,337",,,"44,233","43,656","42,299","42,016","42,711",,"42,908"
,"1,631",S,Noah Ryder (Followers),,"16,084",,"16,226","16,275","16,305","16,306","16,333","16,365",,"16,474","16,562","16,582","16,607","16,668","16,682",,"16,768","16,865","16,942","17,000","17,108","17,201",,,"17,408","17,493","17,552","17,573","17,622",,"17,715"
,"-17,116",,Noah Ryder (Engagement),,"76,331",,"73,202","72,726","70,392","67,906","66,013","64,413",,"65,525","66,613","66,405","66,981","62,911","63,851",,"62,004","63,228","63,922","62,944","64,669","64,346",,,"64,222","64,650","63,314","61,587","61,700",,"59,215"
,0,S,Jay Lake (Followers),,,,,,,,,,,,,,,,,,,,,,,,,,,,,,,,
,0,,Jay Lake (Engagement),,,,,,,,,,,,,,,,,,,,,,,,,,,,,,,,
,0,S,Jacob Dylan (Followers),,,,,,,,,,,,,,,,,,,,,,,,,,,,,,,,
,0,S,Twinkboy05 (Followers),,,,,,,,,,,,,,,,,,,,,,,,,,,,,,,,
,0,S,Ádám Horváth (Group Members),,,,,,,,,,,,,,,,,,,,,,,,,,,,,,,,
,0,S,Connor Verlice (Group Members),,,,,,,,,,,,,,,,,,,,,,,,,,,,,,,,
,0,S,Jacob Dylan (Group Members),,,,,,,,,,,,,,,,,,,,,,,,,,,,,,,,
,0,S,AI Gay Pictures (Group Members),,,,,,,,,,,,,,,,,,,,,,,,,,,,,,,,
,0,S,Ai Pictures Gallery (Group Members),,,,,,,,,,,,,,,,,,,,,,,,,,,,,,,,
,0,S,Couples Of Pride (Group Members),,,,,,,,,,,,,,,,,,,,,,,,,,,,,,,,
,0,S,Gayety (Group Members),,,,,,,,,,,,,,,,,,,,,,,,,,,,,,,,
,0,S,Have A Gay Day (Group Members),,,,,,,,,,,,,,,,,,,,,,,,,,,,,,,,
,0,S,Male Beauty (Group Members),,,,,,,,,,,,,,,,,,,,,,,,,,,,,,,,
,0,S,Sport Guys (Group Members),,,,,,,,,,,,,,,,,,,,,,,,,,,,,,,,
,0,S,Male Wrestling (Group Members),,,,,,,,,,,,,,,,,,,,,,,,,,,,,,,,
,0,S,Twink University (Group Members),,,,,,,,,,,,,,,,,,,,,,,,,,,,,,,,
INSTAGRAM,0,,hotmenn.ig,,,,,,,,,,,,,,,,,,,,,,,,,,,,,,,,
,0,,twink_university,,,,,,,,,,,,,,,,,,,,,,,,,,,,,,,,
,0,,GayGenAI,,,,,,,,,,,,,,,,,,,,,,,,,,,,,,,,
,0,,boysobsession_,,,,,,,,,,,,,,,,,,,,,,,,,,,,,,,,
,0,,adamthetwink,,,,,,,,,,,,,,,,,,,,,,,,,,,,,,,,
,0,,connorvertwink,,,,,,,,,,,,,,,,,,,,,,,,,,,,,,,,
,0,,eugxnee_,,,,,,,,,,,,,,,,,,,,,,,,,,,,,,,,
,0,,twinkyboy05,,,,,,,,,,,,,,,,,,,,,,,,,,,,,,,,
,0,,chartwinkk,,,,,,,,,,,,,,,,,,,,,,,,,,,,,,,,
,0,,noahhtwink,,,,,,,,,,,,,,,,,,,,,,,,,,,,,,,,
,0,,_leo_brookss_ ,,,,,,,,,,,,,,,,,,,,,,,,,,,,,,,,
,0,,__ellixt,,,,,,,,,,,,,,,,,,,,,,,,,,,,,,,,
TWITTER,0,,_BunnyPuff_,,,,,,,,,,,,,,,,,,,,,,,,,,,,,,,,
,0,,_DannyDelano,,,,,,,,,,,,,,,,,,,,,,,,,,,,,,,,
,0,,ChrisTwink__,,,,,,,,,,,,,,,,,,,,,,,,,,,,,,,,
,0,,ConnorsFansly,,,,,,,,,,,,,,,,,,,,,,,,,,,,,,,,
,0,,JacobDylan420,,,,,,,,,,,,,,,,,,,,,,,,,,,,,,,,
,0,,CharTwinkk,,,,,,,,,,,,,,,,,,,,,,,,,,,,,,,,
,0,,jaylake_,,,,,,,,,,,,,,,,,,,,,,,,,,,,,,,,
,0,,jackson_lake_,,,,,,,,,,,,,,,,,,,,,,,,,,,,,,,,
,0,,finnthornee,,,,,,,,,,,,,,,,,,,,,,,,,,,,,,,,
,0,,nilsbraunn,,,,,,,,,,,,,,,,,,,,,,,,,,,,,,,,
,0,,Alo_Twink,,,,,,,,,,,,,,,,,,,,,,,,,,,,,,,,
,0,,EliteTwinks,,,,,,,,,,,,,,,,,,,,,,,,,,,,,,,,
,0,,CouldaBeenUs_,,,,,,,,,,,,,,,,,,,,,,,,,,,,,,,,
,0,,AI_Twinks,,,,,,,,,,,,,,,,,,,,,,,,,,,,,,,,
,0,,ai_sfw,,,,,,,,,,,,,,,,,,,,,,,,,,,,,,,,
,0,,boysclxb,,,,,,,,,,,,,,,,,,,,,,,,,,,,,,,,
,"43,100",,TwinkUniversity,"635,676","640,700",,"642,500","644,300","646,300","648,100","650,300","651,600",,"655,500","656,100","657,600","658,300","658,600","658,800",,"661,400","664,300","666,500","668,100","670,600","671,500",,"673,900","675,000","676,300","677,000","677,500","680,200",,"683,800"
,"32,300",,TwinkLoad,"406,736","411,000",,"412,100","412,800","414,500","418,000","419,300","420,400",,"424,200","424,800","426,100","427,800","429,600","430,700",,"431,200","432,500","433,100","434,700","436,000","436,900",,"437,500","438,100","440,500","441,100","441,700","442,000",,"443,300"
,"31,200",,TwinkPublic,"323,652","326,700",,"328,200","330,800","332,900","333,800","335,500","336,300",,"337,400","338,700","339,500","340,100","342,800","344,400",,"347,000","348,300","349,600","352,700","353,800","354,500",,"354,800","355,600","355,900","356,200","356,500","356,900",,"357,900"
,,,TwinkKinkz,"226,636","226,500",,"226,400","226,400","226,400","226,400","226,300","226,300",,"226,200","226,200","226,200","226,100","226,100","226,100",,"229,100","229,500","230,100","230,600","230,800","230,800",,"230,800","230,700","230,700","230,600","230,600","230,500",,"230,500"
,0,,TwinkFTM,,,,,,,,,,,,,,,,,,,,,,,,,,,,,,,,
,900,,TwinkToons,"191,722","191,600",,"191,600","191,600","191,600","191,600","191,600","191,500",,"191,700","191,600","191,600","191,600","191,600","191,600",,"191,800","191,800","191,800","191,900","191,800","192,000",,"192,200","192,200","192,300","192,300","192,400","192,400",,"192,500"
,"41,900",,TwinkDong,"218,566","224,000",,"225,300","231,900","235,100","238,000","239,900","242,000",,"244,100","244,700","246,100","246,900","248,000","250,000",,"250,800","251,200","251,700","252,000","253,300","254,300",,"256,900","257,900","259,200","259,800","260,400","262,700",,"265,900"
,"21,900",,TwinkCheeks,"213,585","218,000",,"219,300","220,400","220,900","221,500","222,100","222,800",,"223,300","224,100","225,000","226,400","227,000","228,000",,"229,100","229,700","233,700","235,100","236,100","236,800",,"238,000","238,300","238,500","238,700","239,000","239,600",,"239,900"
,0,,TwinkMemez,,,,,,,,,,,,,,,,,,,,,,,,,,,,,,,,
,0,,TwinkARTificial,,,,,,,,,,,,,,,,,,,,,,,,,,,,,,,,
,0,,TwinkFlix,,,,,,,,,,,,,,,,,,,,,,,,,,,,,,,,
,0,,TwinkPhotos,,,,,,,,,,,,,,,,,,,,,,,,,,,,,,,,
,0,,BrosUniversity,,,,,,,,,,,,,,,,,,,,,,,,,,,,,,,,
,0,,BrosCheeks,,,,,,,,,,,,,,,,,,,,,,,,,,,,,,,,
PINTEREST,0,,ADAM (Monthly Views),,,,,,,,,,,,,,,,,,,,,,,,,,,,,,,,
,0,,ADAM (Followers),,,,,,,,,,,,,,,,,,,,,,,,,,,,,,,,
,0,,CONNOR (Monthly Views),,,,,,,,,,,,,,,,,,,,,,,,,,,,,,,,
,0,,CONNOR (Followers),,,,,,,,,,,,,,,,,,,,,,,,,,,,,,,,
,0,,COLE (Monthly Views),,,,,,,,,,,,,,,,,,,,,,,,,,,,,,,,
,0,,COLE (Followers),,,,,,,,,,,,,,,,,,,,,,,,,,,,,,,,
,0,,LEO (Monthly Views),,,,,,,,,,,,,,,,,,,,,,,,,,,,,,,,
,0,,LEO (Followers),,,,,,,,,,,,,,,,,,,,,,,,,,,,,,,,
,0,,NOAH RYDER (Monthly Views),,,,,,,,,,,,,,,,,,,,,,,,,,,,,,,,
,0,,NOAH RYDER (Followers),,,,,,,,,,,,,,,,,,,,,,,,,,,,,,,,
,0,,JACKSON (Monthly Views),,,,,,,,,,,,,,,,,,,,,,,,,,,,,,,,
,0,,JACKSON (Followers),,,,,,,,,,,,,,,,,,,,,,,,,,,,,,,,
,0,,ELLIOT (Monthly Views),,,,,,,,,,,,,,,,,,,,,,,,,,,,,,,,
,0,,ELLIOT (Followers),,,,,,,,,,,,,,,,,,,,,,,,,,,,,,,,
,3,,NOAH GREEN (Monthly Views),,,,,,,,,,,,,,3,3,-,-,-,11,-,10,10,10,32,-,-,-,50,,,,
,1,,NOAH GREEN (Followers),,,,,,,,,,,,,,1,1,-,-,-,1,-,1,1,1,1,-,-,-,1,,,,
FETLIFE,,,twinkboyadam,,,,,,,,,,,,,,,,,,,,,,,,,,,,,,,,
,,,notashyboicole,,,,,,,,,,,,,,,,,,,,,,,,,,,,,,,,
,,,connortwinkxvers,,,,,,,,,,,,,,,,,,,,,,,,,,,,,,,,
,,,noahtwinkx,,,,,,,,,,,,,,,,,,,,,,,,,,,,,,,,
,,,noahryderx,,,,,,,,,,,,,,,,,,,,,,,,,,,,,,,,
,,,chartwink,,,,,,,,,,,,,,,,,,,,,,,,,,,,,,,,
,,,eugxne,,,,,,,,,,,,,,,,,,,,,,,,,,,,,,,,
S.COM,,,adamhrvth,,,,,,,,,,,,,,,,,,,,,,,,,,,,,,,,
,,,chartwink,,,,,,,,,,,,,,,,,,,,,,,,,,,,,,,,
,,,connor,,,,,,,,,,,,,,,,,,,,,,,,,,,,,,,,
,,,colebentley,,,,,,,,,,,,,,,,,,,,,,,,,,,,,,,,
,,,eugxne,,,,,,,,,,,,,,,,,,,,,,,,,,,,,,,,
,,,noahryderx,,,,,,,,,,,,,,,,,,,,,,,,,,,,,,,,
,,,jackson231,,,,,,,,,,,,,,,,,,,,,,,,,,,,,,,,
,,,noahtwink,,,,,,,,,,,,,,,,,,,,,,,,,,,,,,,,
YouTube (Shorts),,,ADAM YOUTUBE,,,,,,,,,,,,,,,,,,,,,,,,,,,,,,,,
,,,CHARLIE YOUTUBE,,,,,,,,,,,,,,,,,,,,,,,,,,,,,,,,
,,,CONNOR YOUTUBE,,,,,,,,,,,,,,,,,,,,,,,,,,,,,,,,
,,,COLE YOUTUBE,,,,,,,,,,,,,,,,,,,,,,,,,,,,,,,,
,,,NOAH RYDER YOUTUBE,,,,,,,,,,,,,,,,,,,,,,,,,,,,,,,,
,,,EUGENE YOUTUBE,,,,,,,,,,,,,,,,,,,,,,,,,,,,,,,,
,,,JACKSON YOUTUBE,,,,,,,,,,,,,,,,,,,,,,,,,,,,,,,,
,,,NOAH GREEN YOUTUBE,,,,,,,,,,,,,,,,,,,,,,,,,,,,,,,,
TUMBLR,,,adamtwinkx,,,,,,,,,,,,,,,,,,,,,,,,,,,,,,,,
,,,chartwinkk,,,,,,,,,,,,,,,,,,,,,,,,,,,,,,,,
,,,c0nnortwink,,,,,,,,,,,,,,,,,,,,,,,,,,,,,,,,
,,,colebentleyx,,,,,,,,,,,,,,,,,,,,,,,,,,,,,,,,
,,,eugxneof,,,,,,,,,,,,,,,,,,,,,,,,,,,,,,,,
,,,jaylaketwink,,,,,,,,,,,,,,,,,,,,,,,,,,,,,,,,
,,,noahhtwink,,,,,,,,,,,,,,,,,,,,,,,,,,,,,,,,
F2F,,,adamhrvth (Followers),,,,,,,,,,,,,,,,,,,,,,,,,,,,,,,,
,,,colebentley (Followers),,,,,,,,,,,,,,,,,,,,,,,,,,,,,,,,
,,,itsconnor (Followers),,,,,,,,,,,,,,,,,,,,,,,,,,,,,,,,
,,,noahryder,,,,,,,,,,,,,,,,,,,,,,,,,,,,,,,,
,,,noahtwink (Followers),,,,,,,,,,,,,,,,,,,,,,,,,,,,,,,,
UPLUST,,,ADAM UPLUST,,,,,,,,,,,,,,,,,,,,,,,,,,,,,,,,
,,,CHARLIE UPLUST,,,,,,,,,,,,,,,,,,,,,,,,,,,,,,,,
,,,CONNOR UPLUST,,,,,,,,,,,,,,,,,,,,,,,,,,,,,,,,
,,,COLE UPLUST,,,,,,,,,,,,,,,,,,,,,,,,,,,,,,,,
,,,EUGENE UPLUST,,,,,,,,,,,,,,,,,,,,,,,,,,,,,,,,
,,,JACKSON UPLUST,,,,,,,,,,,,,,,,,,,,,,,,,,,,,,,,
,,,NOAH UPLUST,,,,,,,,,,,,,,,,,,,,,,,,,,,,,,,,
BlueSky,,,adamtwink,,,,,,,,,,,,,,,,,,,,,,,,,,,,,,,,
,,,adamthetwink,,,,,,,,,,,,,,,,,,,,,,,,,,,,,,,,
,,,imadamthetwink,,,,,,,,,,,,,,,,,,,,,,,,,,,,,,,,
,,,jaylake,,,,,,,,,,,,,,,,,,,,,,,,,,,,,,,,
,,,jaylake12,,,,,,,,,,,,,,,,,,,,,,,,,,,,,,,,
,,,jaylake123,,,,,,,,,,,,,,,,,,,,,,,,,,,,,,,,
,,,connorverlice,,,,,,,,,,,,,,,,,,,,,,,,,,,,,,,,
,,,connorvertwink,,,,,,,,,,,,,,,,,,,,,,,,,,,,,,,,
,,,connorthetwinkk,,,,,,,,,,,,,,,,,,,,,,,,,,,,,,,,
,,,charttwinkk,,,,,,,,,,,,,,,,,,,,,,,,,,,,,,,,
,,,twinkyboy05,,,,,,,,,,,,,,,,,,,,,,,,,,,,,,,,
,,,charliethetwink,,,,,,,,,,,,,,,,,,,,,,,,,,,,,,,,
,,,eug-ene,,,,,,,,,,,,,,,,,,,,,,,,,,,,,,,,
,,,eug-xne,,,,,,,,,,,,,,,,,,,,,,,,,,,,,,,,
,,,exg-ene,,,,,,,,,,,,,,,,,,,,,,,,,,,,,,,,
,,,anotshyboi,,,,,,,,,,,,,,,,,,,,,,,,,,,,,,,,
,,,notsoshyboi,,,,,,,,,,,,,,,,,,,,,,,,,,,,,,,,
,,,asupershyboi,,,,,,,,,,,,,,,,,,,,,,,,,,,,,,,,
Telegram,,,Connor Verlice 🍦,,,,,,,,,,,,,,,,,,,,,,,,,,,,,,,,
,,,Adam Horvath 😈💦,,,,,,,,,,,,,,,,,,,,,,,,,,,,,,,,
,,,Noah Green,,,,,,,,,,,,,,,,,,,,,,,,,,,,,,,,
,,,Cole,,,,,,,,,,,,,,,,,,,,,,,,,,,,,,,,
,,,Charlie 🎮,,,,,,,,,,,,,,,,,,,,,,,,,,,,,,,,
,,,Noah Ryder,,,,,,,,,,,,,,,,,,,,,,,,,,,,,,,,
,,,Jackson,,,,,,,,,,,,,,,,,,,,,,,,,,,,,,,,
REDDIT,,,,,,,,,,,,,,,,,,,,,,,,,,,,,,,,,,,