SMM,POST LINK,DATE POSTED,,,
SHALIEE,https://x.com/angelicboyo18x/status/1684346753745575936/video/1,"September 1, 2025",,,
SHALIEE,https://x.com/dannydelanox/status/1674569063480143874/video/1,"September 1, 2025",,,
JAY,https://x.com/itsjackcamero/status/1705971729410015535/video/1,"September 2, 2025",,,
HANAH,https://x.com/darktwinks/status/1670507061409349632/video/1,"September 3, 2025",,,
HANAH,https://x.com/KaydenGrayXXX/status/1744755960155902457/video/1,"September 3, 2025",,,
HANAH,https://x.com/xleedsboyx/status/1632455811623428100/video/1,"September 3, 2025",,,
JEREZA,https://x.com/ericnvee/status/1815121979768529262/video/1,"September 4, 2025",,,
JEREZA,https://x.com/CoreyTaylorVIP/status/1746604090564436192/video/1,"September 4, 2025",,,
ANDREW,https://x.com/czechtwins/status/1633899096866996231/video/1,"September 5, 2025",,,
ANDREW,https://x.com/Unmaskedtwinks/status/1842129465242960010/video/1,"September 5, 2025",,,
SHALIEE,https://x.com/ericnvee/status/1858262263850803323/video/1,"September 8, 2025",,,
SHALIEE,https://x.com/KaydenGrayXXX/status/1957499672366576124/video/1,"September 8, 2025",,,
JAY,-,"September 9, 2025",,,
HANAH,https://x.com/angelicboyo18x/status/1666583813487484928/video/1,"September 10, 2025",,,
HANAH,https://x.com/juangoom_/status/1569111421262376960/video/1,"September 10, 2025",,,
HANAH,https://x.com/Brandon8934/status/1708486656049774749/video/1,"September 10, 2025",,,
JEREZA,https://x.com/joventwinkok/status/1872720954197197211/video/1,"September 11, 2025",,,
JEREZA,https://x.com/SilasBrooksXXX/status/1717607401166446869/video/1,"September 11, 2025",,,
ANDREW,https://x.com/derepalencio/status/1895646181151424921/video/1,"September 12, 2025",,,
ANDREW,https://x.com/willowtwink/status/1746889258554863860/video/1,"September 12, 2025",,,
SHALIEE,https://x.com/joventwinkok/status/1831013889271591068/video/1,"September 15, 2025",,,
SHALIEE,https://x.com/ericnvee/status/1802439239956902225/video/1,"September 15, 2025",,,
JAY,https://x.com/TwinkDong/status/1892250330944930018/photo/1,"September 16, 2025",,,
HANAH,https://x.com/KaydenGrayXXX/status/1799401389879394744/video/1,"September 17, 2025",,,
HANAH,https://x.com/CoreyTaylorVIP/status/1829912097381367949/video/1,"September 17, 2025",,,
HANAH,https://x.com/DrakeVonXXX/status/1823039895419629666/video/1,"September 17, 2025",,,
JEREZA,https://x.com/DrakeVonXXX/status/1675943303060287489/video/1,"September 18, 2025",,,
JEREZA,https://x.com/KaydenGrayXXX/status/1680207693380833280/video/1,"September 18, 2025",,,
ANDREW,https://x.com/itsjackcamero/status/1261339223728283648/video/1,"September 19, 2025",,,
ANDREW,https://x.com/ZayneBrightXXX/status/1683279453382746112/video/1,"September 19, 2025",,,
SHALIEE,https://x.com/angelicboyo18x/status/1760812948363051214/video/1,"September 22, 2025",,,
SHALIEE,https://x.com/CoreyTaylorVIP/status/1743027820173967471/video/1,"September 22, 2025",,"Please include the ""/photo/1"" or ""/video/1"" when pasting Post links.
Only paste links from the original tweet!",
JAY,https://x.com/dannydelanox/status/1295686187106148352/video/1,"September 23, 2025",,,
HANAH,https://x.com/DrakeVonXXX/status/1735745582076137717/video/1,"September 24, 2025",,For example,https://x.com/NotAShyBoi/status/1940882149911286137/photo/1
HANAH,https://x.com/SilasBrooksXXX/status/1730620819813093619/video/1,"September 24, 2025",,,https://x.com/NotAShyBoi/status/1940174833133797519/video/1
HANAH,https://x.com/ericnvee/status/1733238628476760113/video/1,"September 24, 2025",,,
JEREZA,https://x.com/xleedsboyx/status/1704560527798632903/video/1,"September 25, 2025",,,
JEREZA,https://x.com/ericnvee/status/1898835920117252371/video/1,"September 25, 2025",,,
ANDREW,https://x.com/ZayneBrightXXX/status/1621293639103139842/video/1,"September 26, 2025",,,
ANDREW,https://x.com/sunny1vi/status/1687737367359033344/video/1,"September 26, 2025",,,
SHALIEE,https://x.com/dannydelanox/status/1843233350984650831/video/1,"September 29, 2025",,,
SHALIEE,https://x.com/KaydenGrayXXX/status/1937484847695671424/video/1,"September 29, 2025",,,
JAY,https://x.com/czechtwins/status/1284948716391215106/photo/1,"September 30, 2025",,,
HANAH,https://x.com/angelicboyo18x/status/1724202894751052161/video/1,"October 1, 2025",,,
HANAH,https://x.com/CoreyTaylorVIP/status/1751358047132270697/video/1,"October 1, 2025",,,
HANAH,https://x.com/DrakeVonXXX/status/1812938423742918817/video/1,"October 1, 2025",,,
JEREZA,https://x.com/CoreyTaylorVIP/status/1715053859091955919/video/1,"October 2, 2025",,,
JEREZA,https://x.com/alo_twink/status/1662550118707462146/video/1,"October 2, 2025",,,
ANDREW,https://x.com/sunny1vi/status/1634914043709255686/photo/1,"October 3, 2025",,,
ANDREW,https://x.com/Twink_Dylan/status/1559186108428189696/video/1,"October 3, 2025",,,
SHALIEE,https://x.com/ericnvee/status/1931813199957172618/video/1,"October 6, 2025",,,
SHALIEE,https://x.com/CoreyTaylorVIP/status/1800714843202216103/video/1,"October 6, 2025",,,
JAY,-,"October 7, 2025",,,
HANAH,https://x.com/KaydenGrayXXX/status/1695507303573725655/video/1,"October 8, 2025",,,
HANAH,https://x.com/angelicboyo18x/status/1749574295108407716/video/1,"October 8, 2025",,,
HANAH,https://x.com/SilasBrooksXXX/status/1824526069019582917/video/1,"October 8,2025",,,
JEREZA,https://x.com/KaydenGrayXXX/status/1752757285363892294/video/1,"October 9,2025",,,
JEREZA,https://x.com/ericnvee/status/1901371027864907936/video/1,"October 9,2025",,,
ANDREW,https://x.com/UcasOfl/status/1682821488716513281/video/1,"October 10, 2025",,,
ANDREW,https://x.com/Brandon8934/status/1659229522514853889/video/1,"October 10, 2025",,,
SHALIEE,https://x.com/KaydenGrayXXX/status/1940729945892049275/video/1,"October 13, 2025",,,
SHALIEE,https://x.com/angelicboyo18x/status/1686885780919025665/video/1,"October 13, 2025",,,
JAY,https://x.com/NotAShyBoi/status/1481342607544533000/photo/1,"October 14, 2025",,,
HANAH,https://x.com/CoreyTaylorVIP/status/1831826959837622369/video/1,"October 15, 2025",,"Please include the ""/photo/1"" or ""/video/1"" when pasting Post links.
Only paste links from the original tweet!",
HANAH,https://x.com/DrakeVonXXX/status/1750970236608913633/video/1,"October 15, 2025",,,
HANAH,https://x.com/alo_twink/status/1642277805852442624/video/1,"October 15, 2025",,For example,https://x.com/NotAShyBoi/status/1940882149911286137/photo/1
JEREZA,https://x.com/angelicboyo18x/status/1743431064981504272/video/1,"October 16, 2025",,,https://x.com/NotAShyBoi/status/1940174833133797519/video/1
JEREZA,https://x.com/joventwinkok/status/1820988810899210552/video/1,"October 16, 2025",,,
ANDREW,https://x.com/JacobDouglasxxx/status/1786463702339703002/video/1,"October 17, 2025",,,
ANDREW,https://x.com/angelicboyo18x/status/1412242933693173761/photo/1,"October 17, 2025",,,
SHALIEE,https://x.com/SilasBrooksXXX/status/1658904018276732929/video/1,"October 20, 2025",,,
SHALIEE,https://x.com/dannydelanox/status/1739027504931725455/video/1,"October 20, 2025",,,
JAY,https://x.com/NoahRyderXX/status/1829212507275489339/photo/1,"October 21, 2025",,,
HANAH,https://x.com/CoreyTaylorVIP/status/1707457762383560959/video/1,"October 22, 2025",,,
HANAH,https://x.com/angelicboyo18x/status/1740523829536166334/video/1,"October 22, 2025",,,
HANAH,https://x.com/DrakeVonXXX/status/1844787946806767973/video/1,"October 22, 2025",,,
JEREZA,https://x.com/ericnvee/status/1903910165642142157/video/1,"October 23, 2025",,,
JEREZA,https://x.com/SilasBrooksXXX/status/1802059546304880963/video/1,"October 23, 2025",,,
ANDREW,https://x.com/UcasOfl/status/1551659796432044033/video/1,"October 24, 2025",,,
ANDREW,https://x.com/DannySandersVIP/status/1902958052061450530/video/1,"October 24, 2025",,,
ROLAN,https://x.com/angelicboyo18x/status/1605712098432098304/video/1,"October 25, 2025",,,
ROLAN,https://x.com/SilasBrooksXXX/status/1841223858004902219/video/1,"October 25, 2025",,,
ROLAN,https://x.com/KaydenGrayXXX/status/1807012142970790216/video/1,"October 25, 2025",,,
SHALIEE,https://x.com/dannydelanox/status/1909661014372602199/video/1,"October 27, 2025",,,
SHALIEE,https://x.com/ericnvee/status/1848109758189903884,"October 27, 2025",,,
JAY,https://x.com/adamtwinkx/status/1739718332247417193/photo/1,"October 28, 2025",,,
HANAH,https://x.com/angelicboyo18x/status/1597368160826822656/video/1,"October 29, 2025",,,
HANAH,https://x.com/chico_twiink/status/1745898952975650832/video/1,"October 29, 2025",,,
HANAH,https://x.com/darktwinks/status/1686391979419320321/video/1,"October 29, 2025",,,
JEREZA,https://x.com/KaydenGrayXXX/status/1769781960770015732/video/1,"October 30, 2025",,,
JEREZA,https://x.com/ericnvee/status/1954643287114932672/video/1,"October 30, 2025",,,
ANDREW,https://x.com/angelicboyo18x/status/1406639787344289800/video/1,"October 31, 2025",,,
ANDREW,https://x.com/chasexparkerr/status/1762909222763733500/photo/1,"October 31, 2025",,,
ROLAN,https://x.com/ericnvee/status/1896314419875037665/video/1,"November 1, 2025",,,
ROLAN,https://x.com/dannydelanox/status/1709276845261152309/video/1,"November 1, 2025",,,
ROLAN,https://x.com/angelicboyo18x/status/1691950575959585170/video/1,"November 1, 2025",,,
SHALIEE,https://x.com/KaydenGrayXXX/status/1688901416822202368/video/1,"November 3, 2025",,,
SHALIEE,https://x.com/DrakeVonXXX/status/1773043956466450459/video/1,"November 3, 2025",,,
JAY,https://x.com/_NoahTwink/status/1719803914831184101/photo/1,"November 4, 2025",,,
HANAH,https://x.com/ericnvee/status/1848109758189903884/video/1,"November 5, 2025",,,
HANAH,https://x.com/SilasBrooksXXX/status/1864416726777254209/video/1,"November 5, 2025",,,
HANAH,https://x.com/angelicboyo18x/status/1474495752944689153/video/1,"November 5, 2025",,,
JEREZA,https://x.com/KaydenGrayXXX/status/1943383177533202491/video/1,"November 6, 2025",,,
JEREZA,https://x.com/SilasBrooksXXX/status/1763686354922406369/video/1,"November 6, 2025",,,
ANDREW,https://x.com/CraigKennedyXXX/status/1948423166289678802/photo/1 ,"Novermber 7, 2025",,"Please include the ""/photo/1"" or ""/video/1"" when pasting Post links.
Only paste links from the original tweet!",
ANDREW,https://x.com/itsjackcamero/status/1199807506027032578/video/1,"Novermber 7, 2025",,,
ROLAN,https://x.com/KaydenGrayXXX/status/1826240287880147267/video/1,"Novermber 8, 2025",,For example,https://x.com/NotAShyBoi/status/1940882149911286137/photo/1
ROLAN,https://x.com/CoreyTaylorVIP/status/1866570056219451584/video/1,"Novermber 8, 2025",,,https://x.com/NotAShyBoi/status/1940174833133797519/video/1
ROLAN,https://x.com/angelicboyo18x/status/1870260684799221771/video/1,"Novermber 8, 2025",,,
SHALIEE,https://x.com/KaydenGrayXXX/status/1745899544896733287/video/1,"Novermber 10, 2025",,,
SHALIEE,https://x.com/angelicboyo18x/status/1624906684610056193/video/1,"Novermber 10, 2025",,,
JAY,https://x.com/diego_jackson_/status/1458630389405261828/photo/1,"November 11, 2025",,,
HANAH,https://x.com/SilasBrooksXXX/status/1861860356211228891/video/1,"November 12, 2025",,,
HANAH,https://x.com/chico_twiink/status/1827794405975081116/video/1,"November 12, 2025",,,
HANAH,https://x.com/DrakeVonXXX/status/1838620155691307023/video/1,"November 12, 2025",,,
JEREZA,https://x.com/dannydelanox/status/1680793658826584064/video/1,"November 13, 2025",,,
JEREZA,https://x.com/DrakeVonXXX/status/1683992804551454720/video/1,"November 13, 2025",,,
ROLAN,https://x.com/KaydenGrayXXX/status/1756625572195610864/video/1,"November 15, 2025",,,
ROLAN,https://x.com/angelicboyo18x/status/1851398119231037751/video/1,"November 15, 2025",,,
ROLAN,https://x.com/DrakeVonXXX/status/1923733961815257108/video/1,"November 15, 2025",,,
SHALIEE,https://x.com/dannydelanox/status/1722684316788961587/video/1,"November 17, 2025",,,
SHALIEE,https://x.com/ericnvee/status/1855725482609635483/video/1,"November 17, 2025",,,
JAY,https://x.com/ejaywoods/status/1515102360317698056/photo/1,"November 18, 2025",,,
HANAH,https://x.com/KaydenGrayXXX/status/1718226116119232642/video/1,"November 19, 2025",,,
HANAH,https://x.com/DrakeVonXXX/status/1864723606770790583/video/1,"November 19, 2025",,,
HANAH,https://x.com/SilasBrooksXXX/status/1888929768336244858/video/1,"November 19, 2025",,,
JEREZA,https://x.com/ericnvee/status/1761869351097921914/video/1,"November 20, 2025",,,
JEREZA,https://x.com/angelicboyo18x/status/1811902062667427912/video/1,"November 20, 2025",,,
ANDREW,https://x.com/Matteothetwink/status/1781461945318519172/video/1,"Novermber 21, 2025",,,
ANDREW,https://x.com/darktwinks/status/1516885614431547392/video/1,"Novermber 21, 2025",,,
SHALIEE,https://x.com/DrakeVonXXX/status/1744110739953160410/video/1,"November 24, 2025",,,
SHALIEE,https://x.com/CoreyTaylorVIP/status/1854957307685486896/video/1,"November 24, 2025",,,
JAY,https://x.com/chasexparkerr/status/1772363097929359840/photo/1,"November 25, 2025",,,
HANAH,https://x.com/angelicboyo18x/status/1738709369116639342/video/1,"November 26, 2025",,,
HANAH,https://x.com/KaydenGrayXXX/status/1606272407974486016/video/1,"November 26, 2025",,,
HANAH,https://x.com/SilasBrooksXXX/status/1853908177122935192/video/1,"November 26, 2025",,,
JEREZA,https://x.com/dannydelanox/status/1783780804335685940/video/1,"November 27, 2025",,"Please include the ""/photo/1"" or ""/video/1"" when pasting Post links.
Only paste links from the original tweet!",
JEREZA,https://x.com/KaydenGrayXXX/status/1780636537681776884/video/1,"November 27, 2025",,,
ANDREW,https://x.com/jackson_marco18/status/1855983204747952181/photo/1,"Novermber 28, 2025",,For example,https://x.com/NotAShyBoi/status/1940882149911286137/photo/1
ANDREW,https://x.com/TwinkieTheTwink/status/1609320491524755458/video/1,"Novermber 28, 2025",,,https://x.com/NotAShyBoi/status/1940174833133797519/video/1
ROLAN,https://x.com/DrakeVonXXX/status/1826693829132779877/video/1,"Novermber 29, 2025",,,
ROLAN,https://x.com/itsjackcamero/status/1750505298723533252/video/1,"Novermber 29, 2025",,,
ROLAN,https://x.com/SilasBrooksXXX/status/1807119000280953055/video/1,"Novermber 29, 2025",,,
SHALIEE,https://x.com/DrakeVonXXX/status/1732120666625933477/video/1,"December 01,2025",,,
SHALIEE,https://x.com/KaydenGrayXXX/status/1848363407876997399/video/1,"December 01,2025",,,
JAY,https://x.com/Twink_Dylan/status/1619833133498773510/photo/1,"December 2, 2025",,,
HANAH,https://x.com/angelicboyo18x/status/1770602191839019171/video/1,"December 3, 2025",,,
HANAH,https://x.com/SilasBrooksXXX/status/1860407580696162629/video/1,"December 3, 2025",,,
HANAH,https://x.com/dannydelanox/status/1641528082610659347/video/1,"December 3, 2025",,,
JEREZA,https://x.com/SilasBrooksXXX/status/1919106444554596815/video/1,"December 4, 2025",,,
JEREZA,https://x.com/angelicboyo18x/status/1980748130543915026/video/1,"December 4, 2025",,,
ANDREW,https://x.com/rickvilela0/status/1365794075782352898/video/1,"December 5, 2025",,,
ANDREW,https://x.com/diego_jackson_/status/1495146614704545800/video/1,"December 5, 2025",,,
ROLAN,https://x.com/angelicboyo18x/status/1753570077599809611/video/1,"December 6, 2025",,,
ROLAN,https://x.com/diego_jackson_/status/1616174599003045888/video/1,"December 6, 2025",,,
ROLAN,https://x.com/CoreyTaylorVIP/status/1745592759581278574/video/1,"December 6, 2025",,,
SHALIEE,https://x.com/isaaqdiass/status/1954057552821395892/video/1,"December 8, 2025",,,
SHALIEE,https://x.com/dannydelanox/status/1683672156616499200/video/1,"December 8, 2025",,,
JAY,https://x.com/horny_justin69/status/1975582745205309734/photo/1,"December 9, 2025",,,
HANAH,https://x.com/bolt_xtop/status/1704918956400652378/video/1,"December 10, 2025",,,
HANAH,https://x.com/Novin_scdot/status/1786594683113660790/video/1,"December 10, 2025",,,
HANAH,https://x.com/guigsims/status/1645899906178256897/video/1,"December 10, 2025",,,
JEREZA,https://x.com/emiterraoficial/status/1972055525836894424/video/1,"December 11, 2025",,,
JEREZA,https://x.com/Nicolasacoosta/status/1936263698177196226/video/1,"December 11, 2025",,,
ANDREW,https://x.com/xGiox69/status/1575108797223251969/video/1,"December 12, 2025",,,
ANDREW,https://x.com/KaiDanversX/status/1646482780807626755/video/1,"December 12, 2025",,,
ROLAN,https://x.com/ejaywoods/status/1701537433244840083/video/1,"December 13, 2025",,,
ROLAN,https://x.com/CoreyTaylorVIP/status/1875927690425012675/video/1,"December 13, 2025",,,
ROLAN,https://x.com/angelicboyo18x/status/1862662372889907649/video/1,"December 13, 2025",,,
SHALIEE,https://x.com/isaaqdiass/status/1951508149833199981/video/1,"December 15, 2025",,,
SHALIEE,https://x.com/Hasandouzaklian/status/1906420082504351987/video/1,"December 15, 2025",,,
JAY,-,"December 16, 2025",,,
HANAH,https://x.com/boytattook/status/1810130291094179899/video/1,"December 17, 2025",,,
HANAH,https://x.com/_leonmike17/status/1744801697531068618/video/1,"December 17, 2025",,,
HANAH,https://x.com/Ethan_and_Brett/status/1729942079030071798/video/1,"December 17, 2025",,,
JEREZA,https://x.com/guisousaa_/status/1903463151376425257/video/1,"December 18, 2025",,,
JEREZA,https://x.com/emiterraoficial/status/1683964992020774912/video/1,"December 18, 2025",,,
ANDREW,https://x.com/alo_twink/status/1863316170520080722/video/1,"December 19, 2025",,,
ANDREW,https://x.com/_eugxne/status/1899673426089869716/video/1,"December 19, 2025",,"Please include the ""/photo/1"" or ""/video/1"" when pasting Post links.
Only paste links from the original tweet!",
ROLAN,https://x.com/DrakeVonXXX/status/1845164639371526507/video/1,"December 20, 2025",,,
ROLAN,https://x.com/angelicboyo18x/status/1831819258432778737/video/1,"December 20, 2025",,For example,https://x.com/NotAShyBoi/status/1940882149911286137/photo/1
ROLAN,https://x.com/SilasBrooksXXX/status/1876736532960215264/video/1,"December 20, 2025",,,https://x.com/NotAShyBoi/status/1940174833133797519/video/1
SHALIEE,https://x.com/itsnoahryder/status/1969571472575513057/video/1,"December 22, 2025",,,
SHALIEE,https://x.com/Hasandouzaklian/status/1869498964116209833/video/1,"December 22, 2025",,,
HANAH,https://x.com/angelicboyo18x/status/1793418609601241222/video/1,"December 24, 2025",,,
HANAH,https://x.com/_leonmike17/status/1850961720434421808/video/1,"December 24, 2025",,,
HANAH,https://x.com/xanderboyx/status/1708181566994747396/video/1,"December 24, 2025",,,
JEREZA,https://x.com/emiterraoficial/status/1686196264872927232/video/1,"December 25, 2025",,,
JEREZA,https://x.com/dannydelanox/status/1994401679513719284/video/1,"December 25, 2025",,,
ANDREW,https://x.com/diego_jackson_/status/1461452564071866373/video/1,"December 26, 2025",,,
ANDREW,https://x.com/ungodlyxboy/status/1993768115591893260/video/1,"December 26, 2025",,,
ROLAN,https://x.com/EndelessGuys/status/1772322677946044536/video/1,"December 27, 2025",,,
ROLAN,https://x.com/HaydenBrooksXXX/status/1779620272997356031/video/1,"December 27, 2025",,,
ROLAN,https://x.com/juangoom_/status/1587168921668435968/video/1,"December 27, 2025",,,
SHALIEE,https://x.com/isaaqdiass/status/1931187012540797080/video/1,"December 29, 2025",,,
SHALIEE,https://x.com/Hasandouzaklian/status/1964968663179833691/video/1,"December 29, 2025",,,
HANAH,https://x.com/xanderboyx/status/1785056229309497458/video/1,"December 31, 2025",,,
HANAH,https://x.com/guigsims/status/1524043379939721225/video/1,"December 31, 2025",,,
HANAH,https://x.com/bolt_xtop/status/1739037573803016609/video/1,"December 31, 2025",,,
JEREZA,https://x.com/ericnvee/status/1985099695694451074/video/1,"January 1, 2026",,,
JEREZA,https://x.com/SilasBrooksXXX/status/1661097105765834752/video/1,"January 1, 2026",,,
ANDREW,https://x.com/tymothyfire/status/1671906815854952449/video/1,"January 2, 2026",,,
ANDREW,https://x.com/NoahRyderXX/status/1915271643988951477/video/1,"January 2, 2026",,,
ROLAN,https://x.com/SilasBrooksXXX/status/1914487824394674691/video/1,"January 3, 2026",,,
ROLAN,https://x.com/DrakeVonXXX/status/1865417364646617350/video/1,"January 3, 2026",,,
ROLAN,https://x.com/HaydenBrooksXXX/status/1722031832173072437/video/1,"January 3, 2026",,,
SHALIEE,https://x.com/sharkboydot/status/1906534229506396304/video/1,"January 5, 2026",,,
SHALIEE,https://x.com/ericnvee/status/1934350467808542834/video/1,"January 5, 2026",,,
HANAH,https://x.com/_leonmike17/status/1764727074516783112/video/1,"January 7, 2026",,,
HANAH,https://x.com/SilasBrooksXXX/status/1707165433529536700/video/1,"January 7, 2026",,,
HANAH,https://x.com/angelicboyo18x/status/1774569319998828930/video/1,"January 7, 2026",,,
JEREZA,https://x.com/ericnvee/status/1947034220372656627/video/1,"January 8, 2026",,,
JEREZA,https://x.com/emiterraoficial/status/1859381654856577036/video/1,"January 8, 2026",,,
ANDREW,https://x.com/RealJPacking/status/1689424929853210628/video/1,"January 9, 2026",,,
ANDREW,https://x.com/DillonFazee/status/1804270948109160923/video/1,"January 9, 2026",,,
ROLAN,http://x.com/angelicboyo18x/status/1862662372889907649/video/1,"January 10, 2026",,,
ROLAN,http://x.com/SilasBrooksXXX/status/1824526069019582917/video/1,"January 10, 2026",,,
ROLAN,https://x.com/ericnvee/status/1771276448331940079/video/1,"January 10, 2026",,"Please include the ""/photo/1"" or ""/video/1"" when pasting Post links.
Only paste links from the original tweet!",
SHALIEE,https://x.com/sharkboydot/status/1947852800542581224/video/1,"January 12, 2026",,,
SHALIEE,https://x.com/ericnvee/status/1992709335341007333/video/1,"January 12, 2026",,For example,https://x.com/NotAShyBoi/status/1940882149911286137/photo/1
HANAH,https://x.com/Ethan_and_Brett/status/1886841756425027973/video/1,"January 14, 2026",,,https://x.com/NotAShyBoi/status/1940174833133797519/video/1
HANAH,https://x.com/xanderboyx/status/1486830521317572612/video/1,"January 14, 2026",,,
HANAH,https://x.com/bolt_xtop/status/1726278824349049183/video/1,"January 14, 2026",,,
JEREZA,https://x.com/angelicboyo18x/status/1944528925474087227/video/1,"January 15, 2026",,,
JEREZA,https://x.com/Nicolasacoosta/status/1996757812551340144/video/1,"January 15, 2026",,,
ANDREW,https://x.com/BWCblakee/status/1998763599024791917/video/1,"January 16, 2026",,,
ANDREW,https://x.com/EndelessGuys/status/1666845727870394368/video/1,"January 16, 2026",,,
ROLAN,https://x.com/ericnvee/status/1868409708618596783/photo/1,"January 17, 2026",,,
ROLAN,https://x.com/angelicboyo18x/status/1848491752715423750/video/1,"January 17, 2026",,,
ROLAN,https://x.com/angelicboyo18x/status/1902507802716705167/video/1,"January 17, 2026",,,
SHALIEE,https://x.com/isaaqdiass/status/1981076239830978930/video/1,"January 19, 2026",,,
SHALIEE,https://x.com/KaydenGrayXXX/status/1915403098333364720/video/1,"January 19, 2026",,,
HANAH,https://x.com/ericnvee/status/1913319614664290665/video/1,"January 21, 2026",,,
HANAH,https://x.com/SilasBrooksXXX/status/1765471350804844760/video/1,"January 21, 2026",,,
HANAH,https://x.com/Ethan_and_Brett/status/1887938003148145141/video/1,"January 21, 2026",,,
JEREZA,https://x.com/berk_can242/status/1962516688160596389/video/1,"January 22, 2026",,,
JEREZA,https://x.com/ericnvee/status/1936886382154100994/video/1,"January 22, 2026",,,
ANDREW,https://x.com/UcasOfl/status/2003195365332517324/video/1,"January 23, 2026",,,
ANDREW,https://x.com/Macetheboy/status/2010456812739297752/video/1,"January 23, 2026",,,
ROLAN,https://x.com/DrakeVonXXX/status/1916594915683049875/video/1,"January 24, 2026",,,
ROLAN,https://x.com/ericnvee/status/1912590895158874292/video/1,"January 24, 2026",,,
ROLAN,https://x.com/SilasBrooksXXX/status/1839742381199110355/video/1,"January 24, 2026",,,
SHALIEE,https://x.com/dannydelanox/status/1678533360870731777/video/1,"January 26, 2026",,,
SHALIEE,https://x.com/Hasandouzaklian/status/2003094944764821931/video/1,"January 26, 2026",,,
HANAH,https://x.com/xanderboyx/status/1728082880641785991/video/1,"January 28, 2026",,,
HANAH,https://x.com/guigsims/status/1856756711543247132/video/1,"January 28, 2026",,,
HANAH,https://x.com/sopeachboy/status/1573383738217709568/video/1,"January 28, 2026",,,
JEREZA,https://x.com/emiterraoficial/status/1957945055274041627/video/1,"January 29, 2026",,,
JEREZA,https://x.com/dionigreca/status/1907073624764244126/video/1,"January 29, 2026",,"Please include the ""/photo/1"" or ""/video/1"" when pasting Post links.
Only paste links from the original tweet!",
ANDREW,https://x.com/rickvilela0/status/1971704429260001365/video/1,"January 30, 2026",,,
ANDREW,https://x.com/xleedsboyx/status/1667218275845980180/video/1,"January 30, 2026",,For example,https://x.com/NotAShyBoi/status/1940882149911286137/photo/1
ROLAN,https://x.com/ericnvee/status/1878541119211938040/video/1,"January 31, 2026",,,https://x.com/NotAShyBoi/status/1940174833133797519/video/1
ROLAN,https://x.com/angelicboyo18x/status/1837253155945599018/video/1,"January 31, 2026",,,
ROLAN,https://x.com/DrakeVonXXX/status/1944758550040891571/video/1,"January 31, 2026",,,
SHALIEE,https://x.com/isaaqdiass/status/1941356624045912237/video/1,"February 2, 2026",,,
SHALIEE,https://x.com/Hasandouzaklian/status/1873169106515706138/video/1,"February 2, 2026",,,
HANAH,,"February 4, 2026",,,
HANAH,,"February 4, 2026",,,
HANAH,,"February 4, 2026",,,
JEREZA,https://x.com/berk_can242/status/1959623867065872721/video/1,"February 5, 2026",,,
JEREZA,https://x.com/ericnvee/status/1959716714134032776/video/1,"February 5, 2026",,,
ANDREW,https://x.com/darktwinks/status/1803814433912692764/video/1,"February 6, 2026",,,
ANDREW,https://x.com/ericnvee/status/1995245438426104256/video/1,"February 6, 2026",,,
ROLAN,https://x.com/ericnvee/status/1940872696524689727/video/1,"February 7, 2026",,,
ROLAN,https://x.com/angelicboyo18x/status/1805740078532329639/video/1,"February 7, 2026",,,
ROLAN,https://x.com/DrakeVonXXX/status/1945940799432331459/video/1,"February 7, 2026",,,
SHALIEE,https://x.com/sharkboydot/status/1894917075551781270/video/1,"February 9, 2026",,,
SHALIEE,https://x.com/alewilliams_/status/1630355778002382853/video/1,"February 9, 2026",,"Please include the ""/photo/1"" or ""/video/1"" when pasting Post links.
Only paste links from the original tweet!",
HANAH,https://x.com/xanderandjay/status/1674112250456735748/video/1,"February 11, 2026",,,
HANAH,https://x.com/dotmarcus/status/1858859315060244823/video/1,"February 11, 2026",,For example,https://x.com/NotAShyBoi/status/1940882149911286137/photo/1
HANAH,https://x.com/bolt_xtop/status/1797328233072877669/video/1,"February 11, 2026",,,https://x.com/NotAShyBoi/status/1940174833133797519/video/1
JEREZA,https://x.com/dannydelanox/status/1973647366403289179/video/1,"February 12, 2026",,,
JEREZA,https://x.com/juangoom_/status/1973874343441822177/video/1,"February 12, 2026",,,
ANDREW,https://x.com/chasexparkerr/status/1890349132218265874/video/1,"February 13, 2026",,,
ANDREW,https://x.com/sunny1vi/status/1983556701287817631/video/1,"Febuary 13, 2026",,,
ROLAN,https://x.com/ericnvee/status/1916593349647098279/video/1,"Febuary 14, 2026",,,
ROLAN,https://x.com/angelicboyo18x/status/1791604986209579503/video/1,"Febuary 14, 2026",,,
ROLAN,https://x.com/Seba_Terry/status/1768593967359107441/video/1,"Febuary 14, 2026",,,
SHALIEE,https://x.com/maxariesxxx/status/1971330931136029029/video/1,"Febuary 16, 2026",,,
SHALIEE,https://x.com/ericnvee/status/2007929943670603959/video/1,"Febuary 16, 2026",,,
HANAH,https://x.com/angelicboyo18x/status/1755752280278597772/video/1,"February 18, 2026",,,
HANAH,https://x.com/xanderandjay/status/1584308845408493570/video/1,"February 18, 2026",,,
HANAH,https://x.com/Novin_scdot/status/1827118760110485525/video/1,"February 18, 2026",,,
JEREZA,https://x.com/ericnvee/status/1972399695202013240/video/1,"February 19, 2026",,,
JEREZA,https://x.com/angelicboyo18x/status/1974971656730005898/video/1,"February 19, 2026",,,
ANDREW,https://x.com/JVettson/status/1672712615418642435/video/1,"February 20, 2026",,,
ANDREW,https://x.com/Macetheboy/status/1971304132867924087/video/1,"February 20, 2026",,,
ROLAN,https://x.com/angelicboyo18x/status/1785814165874933814/video/1,"February 21, 2026",,,
ROLAN,https://x.com/ericnvee/status/1944496771578945831/video/1,"February 21, 2026",,,
ROLAN,https://x.com/SilasBrooksXXX/status/1910807641305022887/video/1,"February 21, 2026",,,
SHALIEE,https://x.com/sharkboydot/status/1946021596780478826/video/1,"February 23, 2026",,,
SHALIEE,https://x.com/Hasandouzaklian/status/1916866591037198724/video/1,"February 23, 2026",,,
HANAH,https://x.com/SilasBrooksXXX/status/1794791880066269465/video/1,"February 25, 2026",,,
HANAH,https://x.com/xanderboyx/status/1671221905465180161/video/1,"February 25, 2026",,,
HANAH,https://x.com/eryx_castro/status/1924935747481502055/video/1,"February 25, 2026",,,
JEREZA,https://x.com/dotmarcus/status/1992724625013547140/video/1,"February 26, 2026",,,
JEREZA,https://x.com/eryx_castro/status/2010537041876988233/video/1,"February 26, 2026",,,
ANDREW,https://x.com/JVettson/status/1685071988694695936/video/1,"February 27, 2026",,"Please include the ""/photo/1"" or ""/video/1"" when pasting Post links.
Only paste links from the original tweet!",
ANDREW,https://x.com/RykerSkye/status/1808917785516650756/video/1,"February 27, 2026",,,
ROLAN,http://x.com/ericnvee/status/1931813199957172618/video/1,"February 28, 2026",,For example,https://x.com/NotAShyBoi/status/1940882149911286137/photo/1
ROLAN,https://x.com/DrakeVonXXX/status/1873010493708988444/video/1,"February 28, 2026",,,https://x.com/NotAShyBoi/status/1940174833133797519/video/1
ROLAN,https://x.com/angelicboyo18x/status/1718046114203517006/video/1,"February 28, 2026",,,
SHALIEE,https://x.com/maxariesxxx/status/1759535824373530716/video/1,"March 2, 2026",,,
SHALIEE,https://x.com/blutwinkk/status/1870881109636182347/video/1,"March 2, 2026",,,
HANAH,https://x.com/_leonmike17/status/1745589746976334300/video/1,"March 3, 2026",,,
HANAH,https://x.com/xanderandjay/status/1670521766454730752/video/1,"March 3, 2026",,,
HANAH,https://x.com/Novin_scdot/status/1909366290482888836/video/1,"March 3, 2026",,,
JEREZA,https://x.com/berk_can242/status/1995541580199989719/video/1,"March 4, 2026",,,
JEREZA,https://x.com/ericnvee/status/2018076627553452479/video/1,"March 4, 2026",,,
ROLAN,https://x.com/angelicboyo18x/status/1814799244131172483/video/1,"March 7, 2026",,,
ROLAN,https://x.com/Britishleon/status/1684202364029358080/video/1,"March 7, 2026",,,
ROLAN,https://x.com/SilasBrooksXXX/status/1808206621610553490/video/1,"March 7, 2026",,,
SHALIEE,https://x.com/isaaqdiass/status/2019952056614707461/video/1,"March 9, 2026",,,
SHALIEE,https://x.com/ericnvee/status/2028222905339817995/video/1,"March 9, 2026",,,
HANAH,https://x.com/angelicboyo18x/status/1677092325518974977/video/1,"March 10, 2026",,,
HANAH,https://x.com/Novin_scdot/status/1911892619346456585/video/1,"March 10, 2026",,,
HANAH,https://x.com/eryx_castro/status/1951392686549733577/video/1,"March 10, 2026",,,
JEREZA,https://x.com/angelicboyo18x/status/2013019734988505492/video/1,"March 11, 2026",,,
JEREZA,https://x.com/emiterraoficial/status/1744879214623408257/video/1,"March 11, 2026",,,
ROLAN,https://x.com/angelicboyo18x/status/1674951539146752004/video/1,"March 14, 2026",,,
ROLAN,https://x.com/ericnvee/status/1891238775772123289/video/1,"March 14, 2026",,,
ROLAN,https://x.com/DrakeVonXXX/status/1775240519117046011/video/1,"March 14, 2026",,,
SHALIEE,https://x.com/sharkboydot/status/1911548171966177357/video/1,"March 16, 2026",,,
SHALIEE,https://x.com/KaydenGrayXXX/status/1776629870254256251/video/1,"March 16, 2026",,,
HANAH,https://x.com/xanderandjay/status/1508903846780628993/video/1,"March 17, 2026",,,
HANAH,https://x.com/angelicboyo18x/status/1507479003757699072/video/1,"March 17, 2026",,,
HANAH,https://x.com/_leonmike17/status/1662228450546003969/video/1,"March 17, 2026",,,
JEREZA,https://x.com/ericnvee/status/2020614603361985022/video/1,"March 18, 2026",,"Please include the ""/photo/1"" or ""/video/1"" when pasting Post links.
Only paste links from the original tweet!",
JEREZA,https://x.com/dannydelanox/status/2010312994555847067/video/1,"March 18, 2026",,,
ROLAN,https://x.com/DrakeVonXXX/status/1948380740930113986/video/1,"March 21, 2026",,For example,https://x.com/NotAShyBoi/status/1940882149911286137/photo/1
ROLAN,https://x.com/SilasBrooksXXX/status/1715453259895419177/video/1,"March 21, 2026",,,https://x.com/NotAShyBoi/status/1940174833133797519/video/1
ROLAN,https://x.com/angelicboyo18x/status/1631804690185834497/video/1,"March 21, 2026",,,
SHALIEE,https://x.com/Hasandouzaklian/status/1810093688842047652/video/1,"March 23, 2026",,,
SHALIEE,https://x.com/sharkboydot/status/1999615931488653748/video/1,"March 23, 2026",,,
HANAH,https://x.com/xanderandjay/status/1848054796508627337/video/1,"March 24, 2026",,,
HANAH,https://x.com/_leonmike17/status/1863687014618411340/video/1,"March 24, 2026",,,
HANAH,https://x.com/SilasBrooksXXX/status/1770874092075532466/video/1,"March 24, 2026",,,
JEREZA,https://x.com/KaydenGrayXXX/status/1610982522707447811/video/1,"March 25, 2026",,,
JEREZA,https://x.com/_leonmike17/status/1962550023964549263/video/1,"March 25, 2026",,,
ROLAN,https://x.com/ericnvee/status/2015539655895060891/video/1,"March 28, 2026",,,
ROLAN,https://x.com/angelicboyo18x/status/1781092179554820125/video/1,"March 28, 2026",,,
ROLAN,https://x.com/SilasBrooksXXX/status/1837195425142423600/video/1,"March 28, 2026",,,
SHALIEE,https://x.com/sashaex0/status/1988689687343731003/video/1,"March 30, 2026",,,
SHALIEE,https://x.com/ericnvee/status/2033280657581896104/video/1,"March 30, 2026",,,
HANAH,https://x.com/angelicboyo18x/status/1914451781183996262/video/1,"March 31, 2026",,,
HANAH,https://x.com/Novin_scdot/status/1919580685724950881/video/1,"March 31, 2026",,,
HANAH,https://x.com/guigsims/status/1814809560642732436/video/1,"March 31, 2026",,,
JEREZA,https://x.com/dannydelanox/status/2033343488633270275/video/1,"April 1, 2026",,,
JEREZA,https://x.com/juangoom_/status/1727097108845781333/video/1,"April 1, 2026",,,
ROLAN,https://x.com/ericnvee/status/2002856050035413057/video/1,"April 4, 2026",,,
ROLAN,https://x.com/angelicboyo18x/status/1843410801291358643/video/1,"April 4, 2026",,,
ROLAN,https://x.com/DrakeVonXXX/status/1919736232512540893/video/1,"April 4, 2026",,,
SHALIEE,https://x.com/typastrawberry/status/2015543078564643155/video/1,"April 6, 2026",,,
SHALIEE,https://x.com/xchennyxxx/status/1927219421304455208/video/1,"April 6, 2026",,,
HANAH,https://x.com/ericnvee/status/1957180109691007300/video/1,"April 7, 2026",,,
HANAH,https://x.com/_leonmike17/status/1768075942428074319/video/1,"April 7, 2026",,,
HANAH,https://x.com/xanderandjay/status/1694452450248589526/video/1,"April 7, 2026",,,
JEREZA,https://x.com/SilasBrooksXXX/status/1752789271340367979/video/1,"April 8, 2026",,,
JEREZA,https://x.com/dannydelanox/status/2029661256148472096/video/1,"April 8, 2026",,,
SHALIEE,https://x.com/ericnvee/status/1962253633556287682/video/1,"April 13, 2026",,,
SHALIEE,https://x.com/dannydelanox/status/2039043258475802748/video/1,"April 13, 2026",,,
HANAH,https://x.com/KaydenGrayXXX/status/1657766762794893313/video/1,"April 14, 2026",,,
HANAH,https://x.com/_leonmike17/status/1965513141925937552/video/1,"April 14, 2026",,,
HANAH,https://x.com/xanderandjay/status/1615451452897386496/video/1,"April 14, 2026",,,
JEREZA,https://x.com/ericnvee/status/1987303806003257794/video/1,"April 15, 2026",,,
JEREZA,https://x.com/DrakeVonXXX/status/2015184032045351216/video/1,"April 15, 2026",,,
ROLAN,https://x.com/ericnvee/status/2035817821565854153/video/1,"April 18, 2026",,,
ROLAN,https://x.com/angelicboyo18x/status/1989477417627345258/video/1,"April 18, 2026",,,
ROLAN,https://x.com/DrakeVonXXX/status/1980807025648078908/video/1,"April 18, 2026",,,
SHALIEE,https://x.com/benjaviano/status/1953130008299401391/video/1,"April 20, 2026",,,
SHALIEE,https://x.com/itsnoahryder/status/2034426219211432063/video/1,"April 20, 2026",,,
HANAH,https://x.com/dotmarcus/status/1953606849103900729/video/1,"April 21, 2026",,,
HANAH,https://x.com/ericnvee/status/1967328217565737297/video/1,"April 21, 2026",,,
HANAH,https://x.com/xanderboyx/status/1799853730038485148/video/1,"April 21, 2026",,,
JEREZA,https://x.com/jerikotwink/status/1986604023936323601/video/1,"April 22, 2026",,"Please include the ""/photo/1"" or ""/video/1"" when pasting Post links.
Only paste links from the original tweet!",
JEREZA,https://x.com/dannydelanox/status/1855361872058273985/video/1,"April 22, 2026",,,
ROLAN,https://x.com/angelicboyo18x/status/1984765776499294631/video/1,"April 25, 2026",,For example,https://x.com/NotAShyBoi/status/1940882149911286137/photo/1
ROLAN,https://x.com/ericnvee/status/2016989816814969109/video/1,"April 25, 2026",,,https://x.com/NotAShyBoi/status/1940174833133797519/video/1
ROLAN,https://x.com/DrakeVonXXX/status/1996270765906542651/video/1,"April 25, 2026",,,
SHALIEE,https://x.com/sharkboydot/status/1912619633116598520/video/1,"April 27, 2026",,,
SHALIEE,https://x.com/ericnvee/status/2040891169949766060/video/1,"April 27, 2026",,,
HANAH,https://x.com/dannydelanox/status/1688980627838709760/video/1,"April 28, 2026",,,
HANAH,https://x.com/_leonmike17/status/1982119291798307249/video/1,"April 28, 2026",,,
HANAH,https://x.com/xanderandjay/status/1756799635471892495/video/1 ,"April 28, 2026",,,
JEREZA,https://x.com/KaydenGrayXXX/status/2007218306584056163/video/1,"April 29, 2026",,,
JEREZA,https://x.com/juangoom_/status/2030438592724468127/video/1,"April 29, 2026",,,
ROLAN,http://x.com/ericnvee/status/1985099695694451074/video/1,"May 2, 2026",,,
ROLAN,https://x.com/angelicboyo18x/status/1998179239951311179/video/1,"May 2, 2026",,,
ROLAN,https://x.com/DrakeVonXXX/status/1998451028891762812/photo/1,"May 2, 2026",,,
SHALIEE,https://x.com/xchennyxxx/status/1551267462477279232/video/1,"May 4, 2026",,,
SHALIEE,https://x.com/SilasBrooksXXX/status/1701674179823821030/video/1,"May 4, 2026",,,
HANAH,https://x.com/guigsims/status/1863995639266226262/video/1,"May 5, 2026",,,
HANAH,https://x.com/bolt_xtop/status/1717604002420908184/video/1,"May 5, 2026",,,
HANAH,https://x.com/Novin_scdot/status/1985465056918925685/video/1,"May 5, 2026",,,
JEREZA,https://x.com/ericnvee/status/2045964580766036121/video/1,"May 6, 2026",,,
JEREZA,https://x.com/dannydelanox/status/2035396544711577994/video/1,"May 6, 2026",,,
ROLAN,https://x.com/angelicboyo18x/status/1956847492236198374/video/1,"May 9, 2026",,,
ROLAN,https://x.com/SilasBrooksXXX/status/1928135573153141140/video/1,"May 9, 2026",,,
ROLAN,https://x.com/ericnvee/status/2043428231852814543/video/1,"May 9, 2026",,,
SHALIEE,https://x.com/Damiano_Simon01/status/1904246327900348571/video/1,"May 11, 2026",,,
SHALIEE,https://x.com/xGiox69/status/1982207616186286405/video/1,"May 11, 2026",,,
HANAH,https://x.com/_leonmike17/status/2000762084955480446/video/1,"May 12, 2026",,,
HANAH,https://x.com/xanderandjay/status/1655225538968190976/video/1,"May 12, 2026",,,
HANAH,https://x.com/Ethan_and_Brett/status/1968027138814300467/video/1,"May 12, 2026",,,
JEREZA,https://x.com/itsnoahryder/status/2002906888518652195/video/1,"May 13, 2026",,,
JEREZA,https://x.com/juangoom_/status/1716192634857820437/video/1,"May 13, 2026",,,
ROLAN,https://x.com/angelicboyo18x/status/1983672315457216945/video/1,"May 16, 2026",,,
ROLAN,https://x.com/SilasBrooksXXX/status/1913341596663504913/video/1,"May 16, 2026",,,
ROLAN,https://x.com/DrakeVonXXX/status/1972065848082026739/video/1,"May 16, 2026",,,
SHALIEE,https://x.com/CoreyTaylorVIP/status/1967233475049881818/video/1,"May 18, 2026",,,
SHALIEE,https://x.com/ericnvee/status/2051038250488177102/video/1,"May 18, 2026",,,
HANAH,https://x.com/angelicboyo18x/status/1728565042285511129/video/1,"May 19, 2026",,,
HANAH,https://x.com/dotmarcus/status/1937644925924876612/video/1,"May 19, 2026",,,
HANAH,https://x.com/_leonmike17/status/1800611314059915498/video/1,"May 19, 2026",,"Please include the ""/photo/1"" or ""/video/1"" when pasting Post links.
Only paste links from the original tweet!",
ROLAN,https://x.com/ericnvee/status/2048501505771069668/video/1,"May 23, 2026",,,
ROLAN,https://x.com/SilasBrooksXXX/status/1929613078016201183/video/1,"May 23, 2026",,For example,https://x.com/NotAShyBoi/status/1940882149911286137/photo/1
ROLAN,https://x.com/DrakeVonXXX/status/1971242984189591851/video/1,"May 23, 2026",,,https://x.com/NotAShyBoi/status/1940174833133797519/video/1
SHALIEE,https://x.com/Hasandouzaklian/status/1932820003247546384/video/1,"May 25, 2026",,,
SHALIEE,https://x.com/benjaviano/status/1980299759589233126/video/1,"May 25, 2026",,,
HANAH,https://x.com/dannydelanox/status/1711826701619970300/video/1,"May 26, 2026",,,
HANAH,https://x.com/dotmarcus/status/1931196058534609387/video/1,"May 26, 2026",,,
HANAH,https://x.com/eryx_castro/status/1945227103919644788/video/1,"May 26, 2026",,,
JEREZA,https://x.com/eryx_castro/status/2019592781279232368/video/1,"May 27, 2026",,,
JEREZA,https://x.com/SilasBrooksXXX/status/1679554057210585088/video/1,"May 27, 2026",,,
SHALIEE,https://x.com/maxariesxxx/status/2014079439089381592/video/1,"June 1, 2026",,,
SHALIEE,https://x.com/xGiox69/status/1683296158834388995/video/1,"June 1, 2026",,,
HANAH,https://x.com/SilasBrooksXXX/status/1994928152079208882/video/1,"June 2, 2026",,,
HANAH,https://x.com/xanderboyx/status/1974891559750631835/video/1,"June 2, 2026",,,
HANAH,https://x.com/dannydelanox/status/1943306733637537864/video/1,"June 2, 2026",,,
JEREZA,https://x.com/ericnvee/status/2058649086278975603/video/1,"June 3, 2026",,,
JEREZA,https://x.com/emiterraoficial/status/2031843005569630275/video/1,"June 3, 2026",,,
SHALIEE,https://x.com/alextwinkgt/status/1911576411271315742/video/1,"June 8, 2026",,,
SHALIEE,https://x.com/sharkboydot/status/1990187767112904812/video/1,"June 8, 2026",,,
HANAH,https://x.com/angelicboyo18x/status/1689399389280681984/video/1,"June 9, 2026",,,
HANAH,https://x.com/dotmarcus/status/1949990290074308978/video/1,"June 9, 2026",,,
HANAH,https://x.com/CoreyTaylorVIP/status/1847002518049497251/video/1,"June 9, 2026",,,
JEREZA,https://x.com/eryx_castro/status/2015604623361311016/video/1,"June 10, 2026",,,
JEREZA,https://x.com/typastrawberry/status/2024613623746744516/video/1,"June 10, 2026",,,
SHALIEE,https://x.com/dannydelanox/status/2063199849034461482/video/1,"June 15, 2026",,,
SHALIEE,https://x.com/benjaviano/status/1945512333003911417/video/1,"June 15, 2026",,,
HANAH,https://x.com/SilasBrooksXXX/status/1842994809050718699/video/1,"June 16, 2026",,,
HANAH,https://x.com/_leonmike17/status/2045573384205898035/video/1,"June 16, 2026",,,
HANAH,https://x.com/KaydenGrayXXX/status/1787550740568818117/video/1,"June 16, 2026",,"Please include the ""/photo/1"" or ""/video/1"" when pasting Post links.
Only paste links from the original tweet! REMOVE ANY SPACE AT THE END OF THE LINK",
JEREZA,https://x.com/xGiox69/status/1964118737659056376/video/1,"June 17, 2026",,,
JEREZA,https://x.com/alextwinkgt/status/1943812541173706864/video/1,"June 17, 2026",,For example,https://x.com/NotAShyBoi/status/1940882149911286137/photo/1
SHALIEE,https://x.com/benjaviano/status/1988638113149710696/video/1,"June 22, 2026",,,https://x.com/NotAShyBoi/status/1940174833133797519/video/1
SHALIEE,https://x.com/alextwinkgt/status/1880110881113272506/video/1,"June 22, 2026",,,
HANAH,https://x.com/jerikotwink/status/1823556407376920577/video/1,"June 23, 2026",,,
HANAH,https://x.com/juangoom_/status/1712858462038753788/video/1,"June 23, 2026",,,
HANAH,https://x.com/Ethan_and_Brett/status/1889755127591903712/video/1,"June 23, 2026",,,
SHALIEE,https://x.com/xGiox69/status/1620824400391204864/video/1,"June 29, 2026",,,
SHALIEE,https://x.com/jerikotwink/status/1913755230782513233/video/1,"June 29, 2026",,,
HANAH,https://x.com/dionigreca/status/1756740039298429421/video/1,"June 30, 2026",,,
HANAH,https://x.com/_leonmike17/status/1780001114651255174/video/1,"June 30, 2026",,,
HANAH,https://x.com/dannydelanox/status/1671011716732157954/video/1,"June 30, 2026",,,
JEREZA,https://x.com/blutwinkk/status/1940181651134242986/video/1,"July 1, 2026",,,
JEREZA,https://x.com/benjaviano/status/1945512333003911417/video/1,"July 1, 2026",,,
MERCY,https://x.com/ethansecrett/status/1678855205704671232/video/1,"July 2, 2026",,,
MERCY,https://x.com/chasexparkerr/status/1817613579115262003/video/1,"July 2, 2026",,,
KERT,https://x.com/chico_twiink/status/1728872260755218896/photo/1,"July 3, 2026",,,
KERT,https://x.com/bagarjona/status/1719154758353670594/photo/1,"July 3, 2026",,,
KERT,https://x.com/aiden_twink/status/1890510854988190068/photo/1,"July 3, 2026",,,
SHALIEE,https://x.com/benjaviano/status/1961421113457586370/video/1,"July 6, 2026",,,
SHALIEE,https://x.com/ericnvee/status/2068793916791341146/video/1,"July 6, 2026",,,
HANAH,https://x.com/_leonmike17/status/2023180490799469026/video/1,"July 7, 2026",,,
HANAH,https://x.com/dotmarcus/status/1985142565453058407/video/1,"July 7, 2026",,,
HANAH,https://x.com/guigsims/status/1768367188279271847/video/1,"July 7, 2026",,,
JEREZA,https://x.com/eryx_castro/status/2039162405104579071/video/1,"July 8, 2026",,,
JEREZA,https://x.com/benjaviano/status/2054593781677121879/video/1,"July 8, 2026",,,
MERCY,https://x.com/Brandon8934/status/1712930827405815968/video/1,"July 9, 2026",,,
MERCY,https://x.com/UcasOfl/status/1882097920519885071/video/1,"July 9, 2026",,,
KERT,https://x.com/joventwinkok/status/2038269403792297998/video/1,"July 10, 2026",,,
KERT,https://x.com/darktwinks/status/1699845909385752989/video/1,"July 10, 2026",,,
KERT,https://x.com/Britishleon/status/1721574310999924750/video/1,"July 10, 2026",,,
SHALIEE,https://x.com/alextwinkgt/status/2063044099796529490/video/1,"July 13, 2026",,,
SHALIEE,https://x.com/ericnvee/status/2071331536780095812/video/1,"July 13, 2026",,"Please include the ""/photo/1"" or ""/video/1"" when pasting Post links.
Only paste links from the original tweet! REMOVE ANY SPACE AT THE END OF THE LINK",
HANAH,https://x.com/xanderandjay/status/2052083025442472259/video/1,"July 14, 2026",,,
HANAH,https://x.com/dotmarcus/status/2061154350664237238/video/1,"July 14, 2026",,For example,https://x.com/NotAShyBoi/status/1940882149911286137/photo/1
HANAH,https://x.com/SilasBrooksXXX/status/1898087637275287897/video/1,"July 14, 2026",,,https://x.com/NotAShyBoi/status/1940174833133797519/video/1
JEREZA,https://x.com/berk_can242/status/2075214521279639895/video/1,"July 15, 2026",,,
JEREZA,https://x.com/jerikotwink/status/2063064234381001093/video/1,"July 15, 2026",,,
MERCY,https://x.com/aiden_twink/status/1970806162280124567/photo/1,"July 16, 2026",,,
MERCY,https://x.com/chasexparkerr/status/1885981050133676310/photo/1,"July 16, 2026",,,
KERT,https://x.com/CraigKennedyXXX/status/2041574046718886336/video/1,"July 17, 2026",,,
KERT,https://x.com/samuelslapOF/status/1693726173098848471/photo/1,"July 17, 2026",,,
KERT,https://x.com/CoreyTaylorVIP/status/1816210955862155430/video/1,"July 17, 2026",,,
SHALIEE,https://x.com/benjaviano/status/2001684866199384571/video/1,"July 20, 2026",,,
SHALIEE,https://x.com/itsnoahryder/status/2073173210015686883/video/1,"July 20, 2026",,,
HANAH,,"July 21, 2026",,,
HANAH,,"July 21, 2026",,,
HANAH,,"July 21, 2026",,,
JEREZA,https://x.com/xGiox69/status/1992847424289911073/video/1,"July 22, 2026",,,
JEREZA,https://x.com/SilasBrooksXXX/status/1947026242940944816/video/1,"July 22, 2026",,,
MERCY,https://x.com/ejaywoods/status/1795881786741797091/video/1,"July 23, 2026",,,
MERCY,https://x.com/ethansecrett/status/1805715424312705475/video/1,"July 23, 2026",,,
KERT,https://x.com/ericnvee/status/1991622039770394737/video/1,"July 24, 2026",,,
KERT,https://x.com/UcasOfl/status/1960734368671863223/video/1,"July 24, 2026",,,
KERT,https://x.com/ejaywoods/status/1714982431810281888/video/1,"July 24, 2026",,,
SHALIEE,https://x.com/berk_can242/status/1971949637591527775/video/1,"July 27, 2026",,,
SHALIEE,https://x.com/itsnoahryder/status/2047062494997364854/video/1,"July 27, 2026",,,
HANAH,https://x.com/Novin_scdot/status/2023550268680679547/video/1,"July 28, 2026",,,
HANAH,https://x.com/dotmarcus/status/2055111823867707534/video/1,"July 28, 2026",,,
HANAH,https://x.com/xchennyxxx/status/1998545565983060176/video/1,"July 28, 2026",,,
JEREZA,https://x.com/benjaviano/status/2039014863817601047/video/1,"July 29, 2026",,,
JEREZA,https://x.com/ericnvee/status/2076404964067279023/video/1,"July 29, 2026",,,
MERCY,https://x.com/alewilliams_/status/1765206585054265504/video/1,"July 30, 2026",,,
MERCY,https://x.com/benjaviano/status/1986793260019511690/photo/1,"July 30, 2026",,,
KERT,https://x.com/joventwinkok/status/2005766397683712115/video/1,"July 31, 2026",,,
KERT,https://x.com/xleedsboyx/status/1766910442947928338/photo/1,"July 31, 2026",,"Please include the ""/photo/1"" or ""/video/1"" when pasting Post links.
Only paste links from the original tweet! REMOVE ANY SPACE AT THE END OF THE LINK",
KERT,https://x.com/darktwinks/status/1792716055804260424/video/1,"July 31, 2026",,,
SHALIEE,https://x.com/dotmarcus/status/1955421925200863418/video/1,"August 3, 2026",,For example,https://x.com/NotAShyBoi/status/1940882149911286137/photo/1
SHALIEE,https://x.com/ericnvee/status/2078940957714583893/video/1 Deleted -Denzel,"August 3, 2026",,,https://x.com/NotAShyBoi/status/1940174833133797519/video/1
HANAH,https://x.com/dannydelanox/status/2037558460066517209/video/1,"August 4, 2026",,,
HANAH,https://x.com/CoreyTaylorVIP/status/1988380671916863901/video/1,"August 4, 2026",,,
HANAH,https://x.com/_leonmike17/status/2051070161562587399/video/1,"August 4, 2026",,,
JEREZA,https://x.com/eryx_castro/status/2075730399548850589/video/1,"August 5, 2026",,,
JEREZA,https://x.com/Nicolasacoosta/status/2049341171000848549/video/1,"August 5, 2026",,,
MERCY,https://x.com/JacobDouglasxxx/status/1876312546019615021/photo/1,"August 6, 2026",,,
MERCY,https://x.com/pashanottwink/status/1758312808448393509/photo/1,"August 6, 2026",,,
SHALIEE,https://x.com/leo_hugee/status/1963087440094064916/video/1,"August 10, 2026",,,
SHALIEE,https://x.com/Hasandouzaklian/status/2032521151012868175/video/1,"August 10, 2026",,,
HANAH,https://x.com/SilasBrooksXXX/status/1998917865572077872/video/1,"August 11, 2026",,,
HANAH,https://x.com/xanderandjay/status/2043730348518060536/video/1,"August 11, 2026",,,
HANAH,https://x.com/bagarjona/status/2056797269312098639/video/1,"August 11, 2026",,,
JEREZA,https://x.com/dannydelanox/status/2084055081834713245/video/1,"August 12, 2026",,,
JEREZA,https://x.com/guigsims/status/1950957999700258876/video/1,"August 12, 2026",,,
MERCY,https://x.com/UcasOfl/status/1821954793025241579/video/1,"August 13, 2026",,,
MERCY,https://x.com/DannySandersVIP/status/2010950849724309824/video/1,"August 13, 2026",,,
SHALIEE,https://x.com/ericnvee/status/2078940957714583893/video/1,"August 17, 2026",,,
SHALIEE,,"August 17, 2026",,,
,,,,,
,,,,,
,,,,,
,,,,,
,,,,,
,,,,"Please include the ""/photo/1"" or ""/video/1"" when pasting Post links.
Only paste links from the original tweet! REMOVE ANY SPACE AT THE END OF THE LINK",
,,,,,
,,,,For example,https://x.com/NotAShyBoi/status/1940882149911286137/photo/1
,,,,,https://x.com/NotAShyBoi/status/1940174833133797519/video/1